[{"code":"01","libelle":"Ain"},{"code":"02","libelle":"Aisne"},{"code":"03","libelle":"Allier"},{"code":"04","libelle":"Alpes-de-Haute-Provence"},{"code":"05","libelle":"Hautes-Alpes"},{"code":"06","libelle":"Alpes-Maritimes"},{"code":"07","libelle":"Ardeche"},{"code":"08","libelle":"Ardennes"},{"code":"09","libelle":"Ariege"},{"code":"10","libelle":"Aube"},{"code":"11","libelle":"Aude"},{"code":"12","libelle":"Aveyron"},{"code":"13","libelle":"Bouches-du-Rhone"},{"code":"14","libelle":"Calvados"},{"code":"15","libelle":"Cantal"},{"code":"16","libelle":"Charente"},{"code":"17","libelle":"Charente-Maritime"},{"code":"18","libelle":"Cher"},{"code":"19","libelle":"Correze"},{"code":"2A","libelle":"Corse-du-Sud"},{"code":"2B","libelle":"Haute-Corse"},{"code":"21","libelle":"Cote-d'Or"},{"code":"22","libelle":"Cotes-d'Armor"},{"code":"23","libelle":"Creuse"},{"code":"24","libelle":"Dordogne"},{"code":"25","libelle":"Doubs"},{"code":"26","libelle":"Drome"},{"code":"27","libelle":"Eure"},{"code":"28","libelle":"Eure-et-Loir"},{"code":"29","libelle":"Finistere"},{"code":"30","libelle":"Gard"},{"code":"31","libelle":"Haute-Garonne"},{"code":"32","libelle":"Gers"},{"code":"33","libelle":"Gironde"},{"code":"34","libelle":"Herault"},{"code":"35","libelle":"Ille-et-Vilaine"},{"code":"36","libelle":"Indre"},{"code":"37","libelle":"Indre-et-Loire"},{"code":"38","libelle":"Isere"},{"code":"39","libelle":"Jura"},{"code":"40","libelle":"Landes"},{"code":"41","libelle":"Loir-et-Cher"},{"code":"42","libelle":"Loire"},{"code":"43","libelle":"Haute-Loire"},{"code":"44","libelle":"Loire-Atlantique"},{"code":"45","libelle":"Loiret"},{"code":"46","libelle":"Lot"},{"code":"47","libelle":"Lot-et-Garonne"},{"code":"48","libelle":"Lozere"},{"code":"49","libelle":"Maine-et-Loire"},{"code":"50","libelle":"Manche"},{"code":"51","libelle":"Marne"},{"code":"52","libelle":"Haute-Marne"},{"code":"53","libelle":"Mayenne"},{"code":"54","libelle":"Meurthe-et-Moselle"},{"code":"55","libelle":"Meuse"},{"code":"56","libelle":"Morbihan"},{"code":"57","libelle":"Moselle"},{"code":"58","libelle":"Nievre"},{"code":"59","libelle":"Nord"},{"code":"60","libelle":"Oise"},{"code":"61","libelle":"Orne"},{"code":"62","libelle":"Pas-de-Calais"},{"code":"63","libelle":"Puy-de-Dome"},{"code":"64","libelle":"Pyrenees-Atlantiques"},{"code":"65","libelle":"Hautes-Pyrenees"},{"code":"66","libelle":"Pyrenees-Orientales"},{"code":"67","libelle":"Bas-Rhin"},{"code":"68","libelle":"Haut-Rhin"},{"code":"69","libelle":"Rhone"},{"code":"70","libelle":"Haute-Saone"},{"code":"71","libelle":"Saone-et-Loire"},{"code":"72","libelle":"Sarthe"},{"code":"73","libelle":"Savoie"},{"code":"74","libelle":"Haute-Savoie"},{"code":"75","libelle":"Paris"},{"code":"76","libelle":"Seine-Maritime"},{"code":"77","libelle":"Seine-et-Marne"},{"code":"78","libelle":"Yvelines"},{"code":"79","libelle":"Deux-Sevres"},{"code":"80","libelle":"Somme"},{"code":"81","libelle":"Tarn"},{"code":"82","libelle":"Tarn-et-Garonne"},{"code":"83","libelle":"Var"},{"code":"84","libelle":"Vaucluse"},{"code":"85","libelle":"Vendee"},{"code":"86","libelle":"Vienne"},{"code":"87","libelle":"Haute-Vienne"},{"code":"88","libelle":"Vosges"},{"code":"89","libelle":"Yonne"},{"code":"90","libelle":"Territoire de Belfort"},{"code":"91","libelle":"Essonne"},{"code":"92","libelle":"Hauts-de-Seine"},{"code":"93","libelle":"Seine-Saint-Denis"},{"code":"94","libelle":"Val-de-Marne"},{"code":"95","libelle":"Val-d'Oise"},{"code":"971","libelle":"Guadeloupe"},{"code":"972","libelle":"Martinique"},{"code":"973","libelle":"Guyane"},{"code":"974","libelle":"La Reunion"},{"code":"976","libelle":"Mayotte"}]